{
  "zivot_andrews": {
    "cobre_nivel": {
      "stat": -4.3534,
      "p": 0.1697
    },
    "tc_nivel": {
      "stat": -2.8292,
      "p": 0.9504
    },
    "tc_dif": {
      "stat": -4.5894,
      "p": 0.0947
    }
  },
  "oe5_interaccion": {
    "beta_cobre_base": 0.6299,
    "beta_cobre_x_exp": 0.0828,
    "p_interaccion": 0.6267,
    "interpretacion": "beta_cobre en contracción = base; en expansión = base + interacción"
  },
  "cd_pesaran": {
    "stat": 24.5049,
    "p": 0.0,
    "conclusion": "dependencia de sección cruzada significativa"
  },
  "var_diag": {
    "rezagos_aic": 1,
    "estable": true,
    "granger_cobre_retorno_F": 9.112,
    "granger_cobre_retorno_p": 0.0026
  },
  "robustez_beta_cobre": {
    "2004-2019": 0.5594,
    "2020-2024": 0.7509
  },
  "irf": {
    "h": [
      0,
      1,
      2,
      3,
      4,
      5,
      6,
      7,
      8,
      9,
      10,
      11,
      12,
      13,
      14,
      15,
      16,
      17,
      18
    ],
    "resp": [
      0.05264,
      0.01807,
      0.00714,
      0.00262,
      0.00099,
      0.00037,
      0.00014,
      5e-05,
      2e-05,
      1e-05,
      0.0,
      0.0,
      0.0,
      0.0,
      0.0,
      0.0,
      0.0,
      0.0,
      0.0
    ],
    "lo": [
      0.04018,
      0.00683,
      0.00079,
      -0.00089,
      -0.00073,
      -0.00044,
      -0.00023,
      -0.00011,
      -5e-05,
      -2e-05,
      -1e-05,
      -0.0,
      -0.0,
      -0.0,
      -0.0,
      -0.0,
      -0.0,
      -0.0,
      -0.0
    ],
    "hi": [
      0.06511,
      0.02931,
      0.01348,
      0.00614,
      0.00271,
      0.00117,
      0.0005,
      0.00021,
      9e-05,
      4e-05,
      1e-05,
      1e-05,
      0.0,
      0.0,
      0.0,
      0.0,
      0.0,
      0.0,
      0.0
    ]
  }
}